{
    "rmse": 0.6948961726068938,
    "mae": 0.5462365351927907,
    "r2": 0.2689095230595141
}