{
    "rmse": 0.7404509191142403,
    "mae": 0.5747160057203606,
    "r2": 0.22214311524061414
}